id,probability,prediction
"tr|A0A024QYR6|A0A024QYR6_HUMAN Phosphatidylinositol 3,4,5-trisphosphate 3-phosphatase and dual-specificity protein phosphatase PTEN OS=Homo sapiens OX=9606 GN=PTEN PE=2 SV=1",0.0010056656909629821,0
tr|A0A024R1X5|A0A024R1X5_HUMAN Beclin-1 OS=Homo sapiens OX=9606 GN=BECN1 PE=2 SV=1,0.0038710949213290637,0
tr|A0A024R274|A0A024R274_HUMAN Mothers against decapentaplegic homolog (Fragment) OS=Homo sapiens OX=9606 GN=SMAD4 PE=2 SV=1,0.08641967378891431,0
tr|A0A024R324|A0A024R324_HUMAN Epididymis secretory sperm binding protein OS=Homo sapiens OX=9606 GN=RHOA PE=2 SV=1,0.021536718623017266,0
tr|A0A024R5Z7|A0A024R5Z7_HUMAN Annexin OS=Homo sapiens OX=9606 GN=ANXA2 PE=2 SV=1,0.015537388442028276,0
tr|A0A024R6A3|A0A024R6A3_HUMAN Presenilin (Fragment) OS=Homo sapiens OX=9606 GN=PSEN1 PE=2 SV=1,0.9967157349122837,1
tr|A0A024R7I7|A0A024R7I7_HUMAN Ras-related protein Rab-3 OS=Homo sapiens OX=9606 PE=2 SV=1,0.011414992156561611,0
tr|A0A024RA31|A0A024RA31_HUMAN Aquaporin-1 OS=Homo sapiens OX=9606 GN=AQP1 PE=3 SV=1,0.8990905598202669,1
tr|A0A024RBI1|A0A024RBI1_HUMAN D-amino-acid oxidase (Fragment) OS=Homo sapiens OX=9606 GN=DAO PE=2 SV=1,0.8444259793860398,1
tr|A0A024RCN9|A0A024RCN9_HUMAN [histone H3]-lysine(9) N-methyltransferase OS=Homo sapiens OX=9606 PE=4 SV=1,0.004376009450102466,0
tr|A0A068F579|A0A068F579_HUMAN Glucosylceramidase OS=Homo sapiens OX=9606 PE=2 SV=1,0.21501299422691528,0
tr|A0A068F658|A0A068F658_HUMAN Glucosylceramidase OS=Homo sapiens OX=9606 GN=GBA PE=2 SV=1,0.28938517343154035,0
tr|A0A068F753|A0A068F753_HUMAN Glucosylceramidase OS=Homo sapiens OX=9606 PE=2 SV=1,0.33695833375099044,0
tr|A0A068FB60|A0A068FB60_HUMAN Glucosylceramidase OS=Homo sapiens OX=9606 PE=2 SV=1,0.3941246903343246,0
tr|A0A087WVL8|A0A087WVL8_HUMAN Fragile X messenger ribonucleoprotein 1 OS=Homo sapiens OX=9606 GN=FMR1 PE=1 SV=1,0.0014305054170336807,0
tr|A0A087WXI3|A0A087WXI3_HUMAN Fragile X messenger ribonucleoprotein 1 OS=Homo sapiens OX=9606 GN=FMR1 PE=1 SV=2,0.0013514666904389499,0
tr|A0A087WY29|A0A087WY29_HUMAN Fragile X messenger ribonucleoprotein 1 OS=Homo sapiens OX=9606 GN=FMR1 PE=1 SV=2,0.0014703877488639468,0
tr|A0A087WYG2|A0A087WYG2_HUMAN C-Jun-amino-terminal kinase-interacting protein 3 OS=Homo sapiens OX=9606 GN=MAPK8IP3 PE=1 SV=1,0.07071397237393504,0
tr|A0A087WZT3|A0A087WZT3_HUMAN BOLA2-SMG1P6 readthrough OS=Homo sapiens OX=9606 GN=BOLA2-SMG1P6 PE=1 SV=3,1.0685592668604303e-05,0
"tr|A0A087X033|A0A087X033_HUMAN Phosphatidylinositol 3,4,5-trisphosphate 3-phosphatase and dual-specificity protein phosphatase PTEN OS=Homo sapiens OX=9606 GN=PTEN PE=1 SV=2",0.0024842761578417636,0
sp|A0A087X1C5|CP2D7_HUMAN Cytochrome P450 2D7 OS=Homo sapiens OX=9606 GN=CYP2D7 PE=1 SV=1,0.9670737576023659,1
tr|A0A087X296|A0A087X296_HUMAN Prostaglandin G/H synthase 1 OS=Homo sapiens OX=9606 GN=PTGS1 PE=1 SV=1,0.8395034607660813,1
tr|A0A090N7W4|A0A090N7W4_HUMAN Cyclin-dependent kinase 5 OS=Homo sapiens OX=9606 GN=CDK5 PE=2 SV=1,0.011671193303872483,0
tr|A0A090N8E9|A0A090N8E9_HUMAN Histone-lysine N-methyltransferase EZH2 OS=Homo sapiens OX=9606 GN=EZH2 PE=4 SV=1,0.021657384371463032,0
sp|A0A096LP01|SIM26_HUMAN Small integral membrane protein 26 OS=Homo sapiens OX=9606 GN=SMIM26 PE=1 SV=1,0.37747262473286475,0
tr|A0A0A0MQV1|A0A0A0MQV1_HUMAN 11-beta-hydroxysteroid dehydrogenase 1 (Fragment) OS=Homo sapiens OX=9606 GN=HSD11B1 PE=1 SV=6,0.6002286487950358,1
tr|A0A0A0MR05|A0A0A0MR05_HUMAN Target of rapamycin complex subunit LST8 OS=Homo sapiens OX=9606 GN=MLST8 PE=1 SV=1,0.0058564629269878075,0
tr|A0A0A0MRF5|A0A0A0MRF5_HUMAN NAD-dependent protein deacetylase sirtuin-2 OS=Homo sapiens OX=9606 GN=SIRT2 PE=1 SV=1,0.24573726696646897,0
tr|A0A0A0MRG2|A0A0A0MRG2_HUMAN Amyloid-beta precursor protein OS=Homo sapiens OX=9606 GN=APP PE=1 SV=1,0.9337276550625107,1
tr|A0A0A0MS99|A0A0A0MS99_HUMAN Multidrug resistance-associated protein 1 OS=Homo sapiens OX=9606 GN=ABCC1 PE=1 SV=1,0.9659788484152274,1
tr|A0A0A0MSA1|A0A0A0MSA1_HUMAN Voltage-dependent L-type calcium channel subunit alpha OS=Homo sapiens OX=9606 GN=CACNA1C PE=1 SV=1,0.996690368834743,1
tr|A0A0A0MSN4|A0A0A0MSN4_HUMAN Angiotensin-converting enzyme OS=Homo sapiens OX=9606 GN=ACE PE=1 SV=1,0.25820995222059134,0
tr|A0A0B4J1S7|A0A0B4J1S7_HUMAN protein-tyrosine-phosphatase OS=Homo sapiens OX=9606 GN=PTPN22 PE=1 SV=1,0.19716516437898454,0
tr|A0A0B4J250|A0A0B4J250_HUMAN D-amino-acid oxidase OS=Homo sapiens OX=9606 GN=DAO PE=1 SV=1,0.7866607584071833,1
sp|A0A0B4J2F0|PIOS1_HUMAN Protein PIGBOS1 OS=Homo sapiens OX=9606 GN=PIGBOS1 PE=1 SV=1,0.6617673703351598,1
tr|A0A0C4DFN3|A0A0C4DFN3_HUMAN Monoglyceride lipase OS=Homo sapiens OX=9606 GN=MGLL PE=1 SV=1,0.08961263220981873,0
tr|A0A0C4DG85|A0A0C4DG85_HUMAN All-trans-retinol dehydrogenase [NAD(+)] ADH7 OS=Homo sapiens OX=9606 GN=ADH7 PE=1 SV=1,0.7302661814778093,1
tr|A0A0C4DGF1|A0A0C4DGF1_HUMAN Zinc finger and BTB domain containing 32 OS=Homo sapiens OX=9606 GN=ZBTB32 PE=1 SV=1,0.01672971024075362,0
sp|A0A0C5B5G6|MOTSC_HUMAN Mitochondrial-derived peptide MOTS-c OS=Homo sapiens OX=9606 GN=MT-RNR1 PE=1 SV=1,4.297053392058294e-05,0
tr|A0A0G2JIW1|A0A0G2JIW1_HUMAN Heat shock protein family A (Hsp70) member 1B OS=Homo sapiens OX=9606 GN=HSPA1B PE=1 SV=1,0.05856200280110238,0
tr|A0A0G2JLB3|A0A0G2JLB3_HUMAN Glucosylceramidase OS=Homo sapiens OX=9606 GN=GBA1 PE=1 SV=1,0.2857561101564181,0
tr|A0A0G2JNZ0|A0A0G2JNZ0_HUMAN Glucosylceramidase OS=Homo sapiens OX=9606 GN=GBA1 PE=1 SV=1,0.298328193320756,0
tr|A0A0G2JNZ5|A0A0G2JNZ5_HUMAN Glucosylceramidase OS=Homo sapiens OX=9606 GN=GBA1 PE=1 SV=1,0.13590339761224682,0
tr|A0A0G2JQ62|A0A0G2JQ62_HUMAN Lysophosphatidylcholine acyltransferase 1 (Fragment) OS=Homo sapiens OX=9606 GN=LPCAT1 PE=1 SV=1,0.6224108768293628,1
tr|A0A0G2JRI7|A0A0G2JRI7_HUMAN Lysophosphatidylcholine acyltransferase 1 OS=Homo sapiens OX=9606 GN=LPCAT1 PE=1 SV=1,0.03444046273334002,0
tr|A0A0K0K1J8|A0A0K0K1J8_HUMAN Adenylate cyclase type 10 OS=Homo sapiens OX=9606 GN=HEL-S-7a PE=2 SV=1,0.7211014848511978,1
tr|A0A0K0K1K3|A0A0K0K1K3_HUMAN adenylate cyclase OS=Homo sapiens OX=9606 GN=HEL-S-172mP PE=2 SV=1,0.8649868577545555,1
tr|A0A0K0L4Y0|A0A0K0L4Y0_HUMAN Patatin-like phospholipase domain-containing protein 2 OS=Homo sapiens OX=9606 GN=PNPLA2 PE=2 SV=1,0.10509289576314408,0
tr|A0A0K0L4Y8|A0A0K0L4Y8_HUMAN Patatin-like phospholipase domain-containing protein 2 OS=Homo sapiens OX=9606 GN=PNPLA2 PE=2 SV=1,0.1543406576395743,0
sp|A0A0K2S4Q6|CD3CH_HUMAN Protein CD300H OS=Homo sapiens OX=9606 GN=CD300H PE=1 SV=1,0.8015187943282126,1
tr|A0A0S2Z310|A0A0S2Z310_HUMAN Serine/threonine-protein kinase receptor (Fragment) OS=Homo sapiens OX=9606 GN=ACVRL1 PE=2 SV=1,0.9111434599896471,1
"tr|A0A0S2Z366|A0A0S2Z366_HUMAN Medium-chain specific acyl-CoA dehydrogenase, mitochondrial (Fragment) OS=Homo sapiens OX=9606 GN=ACADM PE=2 SV=1",0.03618457561633514,0
tr|A0A0S2Z381|A0A0S2Z381_HUMAN Adenosine deaminase (Fragment) OS=Homo sapiens OX=9606 GN=ADA PE=2 SV=1,0.004708822079600916,0
tr|A0A0S2Z383|A0A0S2Z383_HUMAN Homeobox protein Nkx-2.5 (Fragment) OS=Homo sapiens OX=9606 GN=NKX2-5 PE=2 SV=1,0.008066663426522494,0
tr|A0A0S2Z391|A0A0S2Z391_HUMAN Bcl-2 homologous antagonist/killer (Fragment) OS=Homo sapiens OX=9606 GN=BAK1 PE=2 SV=1,0.9551457539241528,1
tr|A0A0S2Z3A9|A0A0S2Z3A9_HUMAN BBSome complex member BBS4 (Fragment) OS=Homo sapiens OX=9606 GN=BBS4 PE=2 SV=1,0.03156357448443104,0
tr|A0A0S2Z3C5|A0A0S2Z3C5_HUMAN Bcl-2-like protein 1 (Fragment) OS=Homo sapiens OX=9606 GN=BCL2L1 PE=2 SV=1,0.35566304414437305,0
tr|A0A0S2Z3C7|A0A0S2Z3C7_HUMAN Tumor necrosis factor receptor superfamily member 5 (Fragment) OS=Homo sapiens OX=9606 GN=CD40 PE=2 SV=1,0.9810598129911932,1
tr|A0A0S2Z3D5|A0A0S2Z3D5_HUMAN Apolipoprotein E (Fragment) OS=Homo sapiens OX=9606 GN=APOE PE=2 SV=1,0.40117467611430296,0
tr|A0A0S2Z3L2|A0A0S2Z3L2_HUMAN Sarcoplasmic/endoplasmic reticulum calcium ATPase 2 (Fragment) OS=Homo sapiens OX=9606 GN=ATP2A2 PE=2 SV=1,0.9766949726700327,1
tr|A0A0S2Z3Q4|A0A0S2Z3Q4_HUMAN Adapter molecule crk (Fragment) OS=Homo sapiens OX=9606 GN=CRK PE=2 SV=1,0.0021425307814293857,0
tr|A0A0S2Z3S6|A0A0S2Z3S6_HUMAN NADPH oxidase 2 (Fragment) OS=Homo sapiens OX=9606 GN=CYBB PE=2 SV=1,0.9921798533704638,1
tr|A0A0S2Z3W3|A0A0S2Z3W3_HUMAN Beta-hexosaminidase subunit alpha (Fragment) OS=Homo sapiens OX=9606 GN=HEXA PE=2 SV=1,0.08986945918683113,0
tr|A0A0S2Z3W6|A0A0S2Z3W6_HUMAN Sodium/potassium-transporting ATPase subunit alpha (Fragment) OS=Homo sapiens OX=9606 GN=ATP1A2 PE=2 SV=1,0.9319744633356248,1
tr|A0A0S2Z410|A0A0S2Z410_HUMAN 3-hydroxyacyl-CoA dehydrogenase type-2 (Fragment) OS=Homo sapiens OX=9606 GN=HSD17B10 PE=2 SV=1,0.08149526638799565,0
tr|A0A0S2Z478|A0A0S2Z478_HUMAN Corticoliberin (Fragment) OS=Homo sapiens OX=9606 GN=CRH PE=2 SV=1,0.6759951450624523,1
tr|A0A0S2Z491|A0A0S2Z491_HUMAN Nucleophosmin (Fragment) OS=Homo sapiens OX=9606 GN=NPM1 PE=2 SV=1,0.0022812276210819496,0
tr|A0A0S2Z4C5|A0A0S2Z4C5_HUMAN Protein S100 (Fragment) OS=Homo sapiens OX=9606 GN=S100B PE=2 SV=1,0.001774105516582464,0
tr|A0A0S2Z4C6|A0A0S2Z4C6_HUMAN Serine/threonine-protein phosphatase (Fragment) OS=Homo sapiens OX=9606 GN=PPP3CA PE=2 SV=1,0.06500789471033214,0
tr|A0A0S2Z4D1|A0A0S2Z4D1_HUMAN Serine/threonine-protein kinase STK11 (Fragment) OS=Homo sapiens OX=9606 GN=STK11 PE=2 SV=1,0.0014260861645706594,0
tr|A0A0S2Z4D2|A0A0S2Z4D2_HUMAN Presenilin (Fragment) OS=Homo sapiens OX=9606 GN=PSEN1 PE=2 SV=1,0.9968380748253407,1
tr|A0A0S2Z4G9|A0A0S2Z4G9_HUMAN Ring finger protein 6 isoform 2 OS=Homo sapiens OX=9606 GN=RNF6 PE=1 SV=1,1.865876636728536e-06,0
tr|A0A0S2Z4J1|A0A0S2Z4J1_HUMAN Peroxisomal multifunctional enzyme type 2 (Fragment) OS=Homo sapiens OX=9606 GN=HSD17B4 PE=2 SV=1,0.09318181118040796,0
tr|A0A0S2Z4M1|A0A0S2Z4M1_HUMAN Axin-1 (Fragment) OS=Homo sapiens OX=9606 GN=AXIN1 PE=1 SV=1,0.0025255432439880653,0
tr|A0A0S2Z4N5|A0A0S2Z4N5_HUMAN Tumor protein 63 (p63) (Fragment) OS=Homo sapiens OX=9606 GN=TP63 PE=2 SV=1,0.01664653352895769,0
tr|A0A0S2Z4Q4|A0A0S2Z4Q4_HUMAN Hepatocyte growth factor-regulated tyrosine kinase substrate (Fragment) OS=Homo sapiens OX=9606 GN=HGS PE=1 SV=1,0.0013480242301463874,0
tr|A0A0S2Z4R0|A0A0S2Z4R0_HUMAN Axin-1 (Fragment) OS=Homo sapiens OX=9606 GN=AXIN1 PE=2 SV=1,0.014520858090869823,0
tr|A0A0S2Z4U3|A0A0S2Z4U3_HUMAN Syndecan (Fragment) OS=Homo sapiens OX=9606 GN=SDC3 PE=1 SV=1,0.981830069108858,1
tr|A0A0S2Z4Z8|A0A0S2Z4Z8_HUMAN Receptor-interacting serine/threonine-protein kinase 2 (Fragment) OS=Homo sapiens OX=9606 GN=RIPK2 PE=2 SV=1,0.00829168756307566,0
tr|A0A0S2Z5G4|A0A0S2Z5G4_HUMAN Protein BANP (Fragment) OS=Homo sapiens OX=9606 GN=BANP PE=1 SV=1,0.002436245012379327,0
tr|A0A0S2Z5J4|A0A0S2Z5J4_HUMAN Adaptor-related protein complex 3 beta 1 subunit isoform 1 (Fragment) OS=Homo sapiens OX=9606 GN=AP3B1 PE=2 SV=1,0.36386226100427077,0
tr|A0A0S2Z5U8|A0A0S2Z5U8_HUMAN Dystrobrevin binding protein 1 isoform 1 (Fragment) OS=Homo sapiens OX=9606 GN=DTNBP1 PE=2 SV=1,0.002087878782653321,0
tr|A0A0S2Z5X4|A0A0S2Z5X4_HUMAN Zinc finger protein 688 isoform 4 (Fragment) OS=Homo sapiens OX=9606 GN=ZNF688 PE=1 SV=1,0.0005735590321569694,0
tr|A0A0U1RQC9|A0A0U1RQC9_HUMAN Cellular tumor antigen p53 OS=Homo sapiens OX=9606 GN=TP53 PE=1 SV=1,0.3762894322630908,0
tr|A0A0U1RQF0|A0A0U1RQF0_HUMAN Fatty acid synthase OS=Homo sapiens OX=9606 GN=FASN PE=1 SV=1,0.19998490884041578,0
tr|A0A0U1RQV4|A0A0U1RQV4_HUMAN Rho-associated protein kinase 1 OS=Homo sapiens OX=9606 GN=ROCK1 PE=1 SV=1,0.21077950557055394,0
sp|A0A0U1RRE5|NBDY_HUMAN Negative regulator of P-body association OS=Homo sapiens OX=9606 GN=NBDY PE=1 SV=1,2.345881153427955e-05,0
tr|A0A0U1WL47|A0A0U1WL47_HUMAN Patatin-like phospholipase domain-containing protein 2 OS=Homo sapiens OX=9606 GN=PNPLA2 PE=2 SV=1,0.1561864817073569,0
tr|A0A140VJC8|A0A140VJC8_HUMAN Amyloid-beta A4 protein OS=Homo sapiens OX=9606 PE=2 SV=1,0.901180252245059,1
tr|A0A140VJE4|A0A140VJE4_HUMAN Alpha-N-acetylglucosaminidase OS=Homo sapiens OX=9606 PE=2 SV=1,0.9478723770462475,1
tr|A0A140VJF4|A0A140VJF4_HUMAN Biliverdin reductase A OS=Homo sapiens OX=9606 PE=2 SV=1,0.10525134483972932,0
tr|A0A140VJG8|A0A140VJG8_HUMAN Catechol O-methyltransferase OS=Homo sapiens OX=9606 PE=2 SV=1,0.9970581128820835,1
tr|A0A140VJL2|A0A140VJL2_HUMAN Hydroxymethylglutaryl-CoA synthase OS=Homo sapiens OX=9606 PE=2 SV=1,0.02694556743171071,0
tr|A0A140VJL3|A0A140VJL3_HUMAN Hypoxanthine phosphoribosyltransferase OS=Homo sapiens OX=9606 GN=HPRT1 PE=2 SV=1,0.010143378754804885,0
tr|A0A140VJL7|A0A140VJL7_HUMAN Intraflagellar transport protein 88 homolog OS=Homo sapiens OX=9606 PE=2 SV=1,0.00712309879078983,0
tr|A0A140VJL8|A0A140VJL8_HUMAN Inositol-1-monophosphatase OS=Homo sapiens OX=9606 PE=2 SV=1,0.12294504832912646,0
tr|A0A140VJL9|A0A140VJL9_HUMAN Delta-aminolevulinic acid dehydratase OS=Homo sapiens OX=9606 PE=2 SV=1,0.024953716457967873,0
tr|A0A140VJM0|A0A140VJM0_HUMAN Integrin alpha-3 OS=Homo sapiens OX=9606 PE=2 SV=1,0.870578839667316,1
tr|A0A140VJU3|A0A140VJU3_HUMAN Secreted frizzled-related protein 2 OS=Homo sapiens OX=9606 PE=2 SV=1,0.10025932092603702,0
tr|A0A140VK09|A0A140VK09_HUMAN Calcium and integrin-binding protein 1 OS=Homo sapiens OX=9606 PE=2 SV=1,0.004863778541355662,0
"tr|A0A140VK13|A0A140VK13_HUMAN Carnitine O-palmitoyltransferase 2, mitochondrial OS=Homo sapiens OX=9606 PE=2 SV=1",0.031524327391229415,0
tr|A0A140VK44|A0A140VK44_HUMAN Proteasome subunit alpha type OS=Homo sapiens OX=9606 PE=2 SV=1,0.061096252842684114,0
tr|A0A140VK69|A0A140VK69_HUMAN Aspartate aminotransferase OS=Homo sapiens OX=9606 PE=2 SV=1,0.008671956358473138,0
tr|A0A140VKC1|A0A140VKC1_HUMAN Diacylglycerol kinase OS=Homo sapiens OX=9606 PE=2 SV=1,0.0279795646666881,0
tr|A0A140VKC4|A0A140VKC4_HUMAN Methyl-CpG-binding protein 2 OS=Homo sapiens OX=9606 GN=MECP2 PE=2 SV=1,0.0011426680309356483,0
tr|A0A158RFU6|A0A158RFU6_HUMAN Ras-related protein Rab-7a OS=Homo sapiens OX=9606 GN=RAB7A PE=2 SV=1,0.041983417076664906,0
"tr|A0A1B0GTB8|A0A1B0GTB8_HUMAN Carnitine O-palmitoyltransferase 2, mitochondrial OS=Homo sapiens OX=9606 GN=CPT2 PE=1 SV=1",0.03547051227970308,0
tr|A0A1B0GTG2|A0A1B0GTG2_HUMAN Alpha-aminoadipic semialdehyde dehydrogenase OS=Homo sapiens OX=9606 GN=ALDH7A1 PE=1 SV=1,0.36059257825903807,0
tr|A0A1B0GTL5|A0A1B0GTL5_HUMAN Rab11 family-interacting protein 5 OS=Homo sapiens OX=9606 GN=RAB11FIP5 PE=1 SV=1,0.07168175780363124,0
tr|A0A1B0GTM3|A0A1B0GTM3_HUMAN Acid ceramidase OS=Homo sapiens OX=9606 GN=ASAH1 PE=1 SV=1,0.9154880442585444,1
sp|A0A1B0GTW7|CIROP_HUMAN Ciliated left-right organizer metallopeptidase OS=Homo sapiens OX=9606 GN=CIROP PE=1 SV=1,0.9591842858828475,1
tr|A0A1B0GTZ5|A0A1B0GTZ5_HUMAN Acid ceramidase OS=Homo sapiens OX=9606 GN=ASAH1 PE=1 SV=1,0.0935340391983907,0
tr|A0A1B0GUA1|A0A1B0GUA1_HUMAN Alpha-aminoadipic semialdehyde dehydrogenase OS=Homo sapiens OX=9606 GN=ALDH7A1 PE=1 SV=1,0.37149617805543433,0
tr|A0A1B0GUA4|A0A1B0GUA4_HUMAN Acid ceramidase OS=Homo sapiens OX=9606 GN=ASAH1 PE=1 SV=1,0.9167873351315392,1
tr|A0A1B0GUE3|A0A1B0GUE3_HUMAN Acid ceramidase OS=Homo sapiens OX=9606 GN=ASAH1 PE=1 SV=1,0.1024326435716598,0
tr|A0A1B0GUG1|A0A1B0GUG1_HUMAN Acid ceramidase OS=Homo sapiens OX=9606 GN=ASAH1 PE=1 SV=1,0.9468274260246142,1
tr|A0A1B0GUH5|A0A1B0GUH5_HUMAN Acid ceramidase OS=Homo sapiens OX=9606 GN=ASAH1 PE=1 SV=1,0.9338190891746991,1
tr|A0A1B0GUW4|A0A1B0GUW4_HUMAN Acid ceramidase (Fragment) OS=Homo sapiens OX=9606 GN=ASAH1 PE=1 SV=1,0.07755222932353364,0
"tr|A0A1B0GV75|A0A1B0GV75_HUMAN Carnitine O-palmitoyltransferase 2, mitochondrial OS=Homo sapiens OX=9606 GN=CPT2 PE=1 SV=1",0.01989316183046318,0
"tr|A0A1B0GVF3|A0A1B0GVF3_HUMAN Carnitine O-palmitoyltransferase 2, mitochondrial OS=Homo sapiens OX=9606 GN=CPT2 PE=1 SV=1",0.03450763983306167,0
tr|A0A1B0GW56|A0A1B0GW56_HUMAN Omega-hydroxyceramide transacylase OS=Homo sapiens OX=9606 GN=PNPLA1 PE=1 SV=2,0.13811441267018382,0
tr|A0A1B0GW68|A0A1B0GW68_HUMAN Acid ceramidase OS=Homo sapiens OX=9606 GN=ASAH1 PE=1 SV=1,0.9148661219362054,1
tr|A0A1B0GW77|A0A1B0GW77_HUMAN Alpha-aminoadipic semialdehyde dehydrogenase OS=Homo sapiens OX=9606 GN=ALDH7A1 PE=1 SV=1,0.3551284859471266,0
"tr|A0A1B0GWC0|A0A1B0GWC0_HUMAN Carnitine O-palmitoyltransferase 2, mitochondrial OS=Homo sapiens OX=9606 GN=CPT2 PE=1 SV=1",0.038847723068115673,0
tr|A0A1B0GWI1|A0A1B0GWI1_HUMAN Coiled-coil domain containing 196 OS=Homo sapiens OX=9606 GN=CCDC196 PE=1 SV=1,9.853385535322594e-05,0
tr|A0A1B1RVA9|A0A1B1RVA9_HUMAN Lipoprotein lipase OS=Homo sapiens OX=9606 GN=LPL PE=3 SV=1,0.3535474424473599,0
tr|A0A1B2JLU2|A0A1B2JLU2_HUMAN Protein XRP2 OS=Homo sapiens OX=9606 GN=RP2 PE=3 SV=1,0.019895532816312143,0
tr|A0A1K0FUB6|A0A1K0FUB6_HUMAN Cytoglobin OS=Homo sapiens OX=9606 GN=GLNF PE=3 SV=1,0.2115075587700185,0
tr|A0A1L1UHR1|A0A1L1UHR1_HUMAN Non-selective voltage-gated ion channel VDAC1 OS=Homo sapiens OX=9606 PE=2 SV=1,0.013982495811919734,0
tr|A0A1U9X785|A0A1U9X785_HUMAN Advanced glycosylation end product-specific receptor OS=Homo sapiens OX=9606 PE=4 SV=1,0.6711038460150851,1
tr|A0A1U9X797|A0A1U9X797_HUMAN Alpha-tubulin N-acetyltransferase 1 OS=Homo sapiens OX=9606 GN=ATAT1 PE=3 SV=1,0.020356904527316384,0
tr|A0A1U9X7R0|A0A1U9X7R0_HUMAN Gamma-aminobutyric acid type B receptor subunit 1 OS=Homo sapiens OX=9606 PE=3 SV=1,0.9258276934951069,1
tr|A0A1U9X7W4|A0A1U9X7W4_HUMAN HSPA1A OS=Homo sapiens OX=9606 PE=3 SV=1,0.05843996020878122,0
tr|A0A1U9X8X8|A0A1U9X8X8_HUMAN Corneodesmosin OS=Homo sapiens OX=9606 PE=1 SV=1,0.17065052572486378,0
"tr|A0A1V0DNR7|A0A1V0DNR7_HUMAN Phosphatidylinositol 3,4,5-trisphosphate 3-phosphatase and dual-specificity protein phosphatase PTEN OS=Homo sapiens OX=9606 GN=PTEN PE=2 SV=1",0.003157536382783781,0
tr|A0A1Y1BBN3|A0A1Y1BBN3_HUMAN 7-dehydrocholesterol reductase (Fragment) OS=Homo sapiens OX=9606 GN=DHCR7 PE=3 SV=1,0.8974225504602032,1
tr|A0A1Y1BG54|A0A1Y1BG54_HUMAN 7-dehydrocholesterol reductase (Fragment) OS=Homo sapiens OX=9606 GN=DHCR7 PE=3 SV=1,0.9000908775328137,1
tr|A0A218KGR2|A0A218KGR2_HUMAN Amyloid-beta A4 protein OS=Homo sapiens OX=9606 GN=APP PE=3 SV=1,0.8342800427221907,1
tr|A0A223PQI4|A0A223PQI4_HUMAN Glucosylceramidase OS=Homo sapiens OX=9606 PE=3 SV=1,0.29007899480889665,0
"tr|A0A2K8FKQ1|A0A2K8FKQ1_HUMAN Phosphatidylinositol 4,5-bisphosphate 3-kinase catalytic subunit delta isoform OS=Homo sapiens OX=9606 GN=PIK3CD PE=2 SV=1",0.13019674979576498,0
"tr|A0A2K8FKV1|A0A2K8FKV1_HUMAN Phosphatidylinositol 4,5-bisphosphate 3-kinase catalytic subunit delta isoform OS=Homo sapiens OX=9606 GN=PIK3CD PE=2 SV=1",0.13218827377290115,0
tr|A0A2P9DU05|A0A2P9DU05_HUMAN Rho-associated protein kinase OS=Homo sapiens OX=9606 GN=ROCK2 PE=2 SV=1,0.023717157724138932,0
tr|A0A2R8Y4I8|A0A2R8Y4I8_HUMAN Spastin OS=Homo sapiens OX=9606 GN=SPAST PE=1 SV=1,0.5018465790734744,0
tr|A0A2R8Y559|A0A2R8Y559_HUMAN Protein deacetylase HDAC6 OS=Homo sapiens OX=9606 GN=HDAC6 PE=1 SV=2,0.28794492321910814,0
sp|A0A2R8Y7D0|TINCR_HUMAN Ubiquitin domain-containing protein TINCR OS=Homo sapiens OX=9606 GN=TINCR PE=1 SV=2,0.0038387705350824506,0
tr|A0A2R8YCS4|A0A2R8YCS4_HUMAN Protein deacetylase HDAC6 OS=Homo sapiens OX=9606 GN=HDAC6 PE=1 SV=2,0.15416488218866609,0
tr|A0A2R8YD28|A0A2R8YD28_HUMAN Cyclin dependent kinase 13 (Fragment) OS=Homo sapiens OX=9606 GN=CDK13 PE=1 SV=1,0.038133954241508616,0
tr|A0A2R8YD50|A0A2R8YD50_HUMAN Peroxisomal multifunctional enzyme type 2 OS=Homo sapiens OX=9606 GN=HSD17B4 PE=1 SV=1,0.09005000374524434,0
tr|A0A2R8YDE6|A0A2R8YDE6_HUMAN Protein deacetylase HDAC6 OS=Homo sapiens OX=9606 GN=HDAC6 PE=1 SV=1,0.2910397542350029,0
tr|A0A2R8YF61|A0A2R8YF61_HUMAN Cyclin dependent kinase 13 (Fragment) OS=Homo sapiens OX=9606 GN=CDK13 PE=1 SV=1,0.05033965870052365,0
tr|A0A2U3TZR0|A0A2U3TZR0_HUMAN Spastin OS=Homo sapiens OX=9606 GN=SPAST PE=1 SV=1,0.4533611819023358,0
tr|A0A2X0SFG1|A0A2X0SFG1_HUMAN Phosphatidylinositol 3-kinase regulatory subunit alpha (Fragment) OS=Homo sapiens OX=9606 GN=PIK3R1 PE=3 SV=1,0.013420676881502386,0
tr|A0A2X0TVZ9|A0A2X0TVZ9_HUMAN Inositol polyphosphate 5-phosphatase OCRL (Fragment) OS=Homo sapiens OX=9606 GN=OCRL PE=3 SV=1,0.3354076267618573,0
"tr|A0A348GSI3|A0A348GSI3_HUMAN Indoleamine 2,3-dioxygenase 1 OS=Homo sapiens OX=9606 GN=IDO1 PE=2 SV=1",0.6614838833095295,1
tr|A0A384MDY0|A0A384MDY0_HUMAN Catenin alpha-1 OS=Homo sapiens OX=9606 GN=CTNNA1 PE=2 SV=1,0.055239544201040804,0
tr|A0A384ME25|A0A384ME25_HUMAN Epididymis secretory sperm binding protein OS=Homo sapiens OX=9606 PE=1 SV=1,0.0007922682545884375,0
tr|A0A384MED8|A0A384MED8_HUMAN Cytosolic purine 5'-nucleotidase OS=Homo sapiens OX=9606 PE=2 SV=1,0.010931139099919867,0
tr|A0A384MR00|A0A384MR00_HUMAN Dynein regulatory complex subunit 4 OS=Homo sapiens OX=9606 PE=2 SV=1,0.012732749892783302,0
tr|A0A384MR07|A0A384MR07_HUMAN Serine/threonine-protein kinase 3 OS=Homo sapiens OX=9606 PE=2 SV=1,0.00555818395762634,0
tr|A0A384MTR5|A0A384MTR5_HUMAN RuvB-like helicase OS=Homo sapiens OX=9606 PE=2 SV=1,0.019675835387510606,0
tr|A0A384N5W4|A0A384N5W4_HUMAN Signal transducer and activator of transcription OS=Homo sapiens OX=9606 GN=STAT5A PE=2 SV=1,0.29796907626165786,0
tr|A0A384N611|A0A384N611_HUMAN Protein Wnt OS=Homo sapiens OX=9606 PE=2 SV=1,0.653533428716602,1
"tr|A0A384N647|A0A384N647_HUMAN Adenylate kinase 4, mitochondrial OS=Homo sapiens OX=9606 GN=AK4 PE=2 SV=1",0.012898749666785912,0
tr|A0A384NL29|A0A384NL29_HUMAN Superoxide dismutase OS=Homo sapiens OX=9606 PE=2 SV=1,0.008644844076998797,0
tr|A0A384NY87|A0A384NY87_HUMAN Sterol carrier protein 2 OS=Homo sapiens OX=9606 PE=2 SV=1,0.047036262658855715,0
tr|A0A384P5C6|A0A384P5C6_HUMAN Delta-like protein OS=Homo sapiens OX=9606 PE=2 SV=1,0.9204841185619477,1
tr|A0A384P5H7|A0A384P5H7_HUMAN Collagen alpha-1(VI) chain OS=Homo sapiens OX=9606 GN=COL6A1 PE=2 SV=1,0.007576826143806867,0
tr|A0A384P5Q0|A0A384P5Q0_HUMAN Catalase OS=Homo sapiens OX=9606 PE=2 SV=1,0.007994195929442918,0
"tr|A0A386NCS8|A0A386NCS8_HUMAN Phosphatidylinositol 3,4,5-trisphosphate 3-phosphatase and dual-specificity protein phosphatase PTEN OS=Homo sapiens OX=9606 GN=PTEN PE=3 SV=1",0.0022050515101903674,0
tr|A0A3B3IRX2|A0A3B3IRX2_HUMAN Phospholipase A2 OS=Homo sapiens OX=9606 GN=PLA2G2A PE=1 SV=1,0.0007509940960481933,0
"tr|A0A3B3ISY9|A0A3B3ISY9_HUMAN Acylglycerol kinase, mitochondrial OS=Homo sapiens OX=9606 GN=AGK PE=1 SV=1",0.0366917004904425,0
"tr|A0A3B3ISZ0|A0A3B3ISZ0_HUMAN Acylglycerol kinase, mitochondrial OS=Homo sapiens OX=9606 GN=AGK PE=1 SV=1",0.08954866621948036,0
"tr|A0A3B3ITD0|A0A3B3ITD0_HUMAN Acylglycerol kinase, mitochondrial OS=Homo sapiens OX=9606 GN=AGK PE=1 SV=1",0.054974238417235144,0
"tr|A0A3B3ITX7|A0A3B3ITX7_HUMAN Acylglycerol kinase, mitochondrial OS=Homo sapiens OX=9606 GN=AGK PE=1 SV=1",0.05619216598232121,0
tr|A0A499FIJ6|A0A499FIJ6_HUMAN Myocardin related transcription factor A OS=Homo sapiens OX=9606 GN=MRTFA PE=1 SV=2,0.13309625572923442,0
tr|A0A499FJK2|A0A499FJK2_HUMAN Transforming growth factor beta OS=Homo sapiens OX=9606 GN=TGFB1 PE=1 SV=1,0.8232671703842933,1
tr|A0A499FJM4|A0A499FJM4_HUMAN Cytochrome P450 3A OS=Homo sapiens OX=9606 GN=CYP3A4 PE=1 SV=1,0.7359385272236605,1
tr|A0A590UJC7|A0A590UJC7_HUMAN 85/88 kDa calcium-independent phospholipase A2 OS=Homo sapiens OX=9606 GN=PLA2G6 PE=1 SV=1,0.17041658434462686,0
tr|A0A5F9ZGX5|A0A5F9ZGX5_HUMAN Activated CDC42 kinase 1 OS=Homo sapiens OX=9606 GN=TNK2 PE=1 SV=1,0.008747773556809332,0
tr|A0A5F9ZH41|A0A5F9ZH41_HUMAN Vascular permeability factor OS=Homo sapiens OX=9606 GN=VEGFA PE=1 SV=1,0.033552850468347044,0
tr|A0A5F9ZHJ2|A0A5F9ZHJ2_HUMAN Activated CDC42 kinase 1 OS=Homo sapiens OX=9606 GN=TNK2 PE=1 SV=1,0.00932570199018077,0
tr|A0A5F9ZI29|A0A5F9ZI29_HUMAN Activated CDC42 kinase 1 OS=Homo sapiens OX=9606 GN=TNK2 PE=1 SV=1,0.008823450258602235,0
tr|A0A669KB12|A0A669KB12_HUMAN histone acetyltransferase OS=Homo sapiens OX=9606 GN=EP300 PE=1 SV=1,0.002116302654037475,0
"tr|A0A6G6A825|A0A6G6A825_HUMAN Phosphatidylinositol 3,4,5-trisphosphate 3-phosphatase and dual-specificity protein phosphatase PTEN OS=Homo sapiens OX=9606 PE=2 SV=1",0.0029172610774031195,0
tr|A0A6I8PRU0|A0A6I8PRU0_HUMAN Cadherin EGF LAG seven-pass G-type receptor 1 OS=Homo sapiens OX=9606 GN=CELSR1 PE=1 SV=2,0.7858703307328854,1
tr|A0A6Q8PFA6|A0A6Q8PFA6_HUMAN Kinesin-like protein OS=Homo sapiens OX=9606 GN=KIF2A PE=1 SV=1,0.004030448383848528,0
tr|A0A6Q8PFY6|A0A6Q8PFY6_HUMAN Neprilysin OS=Homo sapiens OX=9606 GN=MME PE=1 SV=1,0.9867123548641981,1
tr|A0A6Q8PG37|A0A6Q8PG37_HUMAN Kinesin-like protein OS=Homo sapiens OX=9606 GN=KIF2A PE=1 SV=1,0.0036978038184119185,0
tr|A0A6Q8PGG1|A0A6Q8PGG1_HUMAN Kinesin family member 2A OS=Homo sapiens OX=9606 GN=KIF2A PE=1 SV=1,0.0038822686684906733,0
tr|A0A6Q8PGH7|A0A6Q8PGH7_HUMAN Kinesin-like protein (Fragment) OS=Homo sapiens OX=9606 GN=KIF2A PE=1 SV=1,0.003787610869201688,0
tr|A0A6Q8PH57|A0A6Q8PH57_HUMAN Kinesin-like protein OS=Homo sapiens OX=9606 GN=KIF2A PE=1 SV=1,0.004080542084199099,0
tr|A0A6Q8PHB5|A0A6Q8PHB5_HUMAN Cytosolic purine 5'-nucleotidase OS=Homo sapiens OX=9606 GN=NT5C2 PE=1 SV=1,0.01448792842353512,0
tr|A0A6Q8PHP0|A0A6Q8PHP0_HUMAN Cytosolic purine 5'-nucleotidase OS=Homo sapiens OX=9606 GN=NT5C2 PE=1 SV=1,0.010623026610295482,0
tr|A0A7D6VM04|A0A7D6VM04_HUMAN Protein crumbs homolog 1 OS=Homo sapiens OX=9606 PE=2 SV=1,0.915273074503147,1
tr|A0A7I2PJA1|A0A7I2PJA1_HUMAN GLI family zinc finger 2 OS=Homo sapiens OX=9606 GN=GLI2 PE=1 SV=1,0.016980813339614136,0
"tr|A0A7I2R3P8|A0A7I2R3P8_HUMAN NACHT, LRR and PYD domains-containing protein 3 OS=Homo sapiens OX=9606 GN=NLRP3 PE=1 SV=1",0.8819651444824602,1
tr|A0A7I2SVS4|A0A7I2SVS4_HUMAN Histone deacetylase OS=Homo sapiens OX=9606 GN=HDAC4 PE=1 SV=1,0.09472263763679475,0
tr|A0A7I2U302|A0A7I2U302_HUMAN Neprilysin OS=Homo sapiens OX=9606 GN=MME PE=1 SV=1,0.9890007324932574,1
tr|A0A7I2V2E0|A0A7I2V2E0_HUMAN Multidrug resistance-associated protein 1 OS=Homo sapiens OX=9606 GN=ABCC1 PE=1 SV=1,0.9824468386141696,1
tr|A0A7I2V2E9|A0A7I2V2E9_HUMAN Angiotensin-converting enzyme OS=Homo sapiens OX=9606 GN=ACE2 PE=1 SV=1,0.9983575683650474,1
tr|A0A7I2V2F9|A0A7I2V2F9_HUMAN Integrin beta OS=Homo sapiens OX=9606 GN=ITGB1 PE=1 SV=1,0.9689338949814508,1
tr|A0A7I2V3E1|A0A7I2V3E1_HUMAN Poly [ADP-ribose] polymerase OS=Homo sapiens OX=9606 GN=PARP1 PE=1 SV=1,0.04934657877617629,0
tr|A0A7I2V3J4|A0A7I2V3J4_HUMAN Glycogen synthase kinase-3 beta (Fragment) OS=Homo sapiens OX=9606 GN=GSK3B PE=1 SV=1,0.12723785150651934,0
tr|A0A7I2V3N4|A0A7I2V3N4_HUMAN Angiotensin-converting enzyme OS=Homo sapiens OX=9606 GN=ACE2 PE=1 SV=1,0.9983199058342443,1
tr|A0A7I2V3X6|A0A7I2V3X6_HUMAN Angiotensin-converting enzyme OS=Homo sapiens OX=9606 GN=ACE2 PE=1 SV=1,0.99837924304872,1
tr|A0A7I2V4H0|A0A7I2V4H0_HUMAN Angiotensin-converting enzyme OS=Homo sapiens OX=9606 GN=ACE2 PE=1 SV=1,0.9985136640644553,1
"tr|A0A7I2V4V4|A0A7I2V4V4_HUMAN CMP-N-acetylneuraminate-beta-galactosamide-alpha-2,3-sialyltransferase 4 OS=Homo sapiens OX=9606 GN=ST3GAL4 PE=1 SV=1",0.932708955793379,1
"tr|A0A7I2V5F3|A0A7I2V5F3_HUMAN CMP-N-acetylneuraminate-beta-galactosamide-alpha-2,3-sialyltransferase 4 OS=Homo sapiens OX=9606 GN=ST3GAL4 PE=1 SV=1",0.9299410335601329,1
tr|A0A7I2YQK0|A0A7I2YQK0_HUMAN Glycogen synthase kinase-3 beta OS=Homo sapiens OX=9606 GN=GSK3B PE=1 SV=1,0.705217610070407,1
"tr|A0A7P0RGI5|A0A7P0RGI5_HUMAN CMP-N-acetylneuraminate-beta-galactosamide-alpha-2,3-sialyltransferase 4 OS=Homo sapiens OX=9606 GN=ST3GAL4 PE=1 SV=1",0.8432564843654234,1
tr|A0A7P0T828|A0A7P0T828_HUMAN Prostaglandin G/H synthase 2 OS=Homo sapiens OX=9606 GN=PTGS2 PE=1 SV=1,0.2519788401208831,0
tr|A0A7P0T890|A0A7P0T890_HUMAN Dystonin OS=Homo sapiens OX=9606 GN=DST PE=1 SV=1,0.9571806062420573,1
tr|A0A7P0TBQ3|A0A7P0TBQ3_HUMAN Cyclic GMP-AMP synthase OS=Homo sapiens OX=9606 GN=CGAS PE=1 SV=1,0.07342847540434622,0
tr|A0A7P0Z4C3|A0A7P0Z4C3_HUMAN Dynactin subunit 1 OS=Homo sapiens OX=9606 GN=DCTN1 PE=1 SV=1,0.2683046296257831,0
tr|A0A7U3JW18|A0A7U3JW18_HUMAN Fibroblast growth factor OS=Homo sapiens OX=9606 GN=FGF5A PE=3 SV=1,0.6752417730518937,1
tr|A0A804CDA6|A0A804CDA6_HUMAN Dynactin subunit 1 OS=Homo sapiens OX=9606 GN=DCTN1 PE=1 SV=1,0.2696837967302664,0
tr|A0A804HHW5|A0A804HHW5_HUMAN 3-hydroxyacyl-CoA dehydrogenase type-2 OS=Homo sapiens OX=9606 GN=HSD17B10 PE=1 SV=1,0.10566911433327202,0
tr|A0A804HI37|A0A804HI37_HUMAN Voltage-dependent L-type calcium channel subunit alpha OS=Homo sapiens OX=9606 GN=CACNA1C PE=1 SV=1,0.9968022116668561,1
tr|A0A804HI59|A0A804HI59_HUMAN Peptidylglycine alpha-amidating monooxygenase OS=Homo sapiens OX=9606 GN=PAM PE=1 SV=1,0.9811987671355665,1
tr|A0A804HIJ8|A0A804HIJ8_HUMAN Voltage-dependent L-type calcium channel subunit alpha OS=Homo sapiens OX=9606 GN=CACNA1C PE=1 SV=1,0.9969142061673772,1
tr|A0A804HIQ0|A0A804HIQ0_HUMAN Peptidylglycine alpha-amidating monooxygenase OS=Homo sapiens OX=9606 GN=PAM PE=1 SV=1,0.9836277551195304,1
tr|A0A804HIZ0|A0A804HIZ0_HUMAN Voltage-dependent L-type calcium channel subunit alpha OS=Homo sapiens OX=9606 GN=CACNA1C PE=1 SV=1,0.9967238065147495,1
tr|A0A804HJG7|A0A804HJG7_HUMAN CLIP-associating protein 1 OS=Homo sapiens OX=9606 GN=CLASP2 PE=1 SV=1,0.24263710722308607,0
tr|A0A804HKC4|A0A804HKC4_HUMAN Voltage-dependent L-type calcium channel subunit alpha OS=Homo sapiens OX=9606 GN=CACNA1C PE=1 SV=1,0.9969811905184544,1
tr|A0A804HKE9|A0A804HKE9_HUMAN Voltage-dependent L-type calcium channel subunit alpha OS=Homo sapiens OX=9606 GN=CACNA1C PE=1 SV=1,0.9971296321942179,1
tr|A0A804HKM7|A0A804HKM7_HUMAN Peptidylglycine alpha-amidating monooxygenase OS=Homo sapiens OX=9606 GN=PAM PE=1 SV=1,0.05430319450874272,0
tr|A0A804HKV8|A0A804HKV8_HUMAN Peptidylglycine alpha-amidating monooxygenase OS=Homo sapiens OX=9606 GN=PAM PE=1 SV=1,0.2657514978366947,0
tr|A0A804HKW9|A0A804HKW9_HUMAN Phospholipid-transporting ATPase OS=Homo sapiens OX=9606 GN=ATP8A2 PE=1 SV=1,0.9899049120809261,1
tr|A0A8C8KD64|A0A8C8KD64_HUMAN Peptidylglycine alpha-amidating monooxygenase OS=Homo sapiens OX=9606 GN=PAM PE=1 SV=1,0.983199512200259,1
tr|A0A8C8L3F5|A0A8C8L3F5_HUMAN Long-chain-fatty-acid--CoA ligase OS=Homo sapiens OX=9606 GN=ACSL5 PE=1 SV=1,0.8979368850364535,1
tr|A0A8D9PH75|A0A8D9PH75_HUMAN Glutamate receptor OS=Homo sapiens OX=9606 GN=GRIK2 PE=2 SV=1,0.9918379954465028,1
sp|A0A8I5KQE6|RPSA2_HUMAN Small ribosomal subunit protein uS2B OS=Homo sapiens OX=9606 GN=RPSA2 PE=1 SV=1,0.21405295058386267,0
tr|A0A8I5KRR9|A0A8I5KRR9_HUMAN 7-dehydrocholesterol reductase OS=Homo sapiens OX=9606 GN=DHCR7 PE=1 SV=1,0.921042100297042,1
tr|A0A8I5KRT9|A0A8I5KRT9_HUMAN Lanosterol 14-alpha demethylase OS=Homo sapiens OX=9606 GN=CYP51A1 PE=1 SV=1,0.8622367938470705,1
tr|A0A8I5KRX5|A0A8I5KRX5_HUMAN Dual specificity mitogen-activated protein kinase kinase 1 OS=Homo sapiens OX=9606 GN=MAP2K1 PE=1 SV=1,0.010148666896283014,0
tr|A0A8I5KS01|A0A8I5KS01_HUMAN Fragile X messenger ribonucleoprotein 1 OS=Homo sapiens OX=9606 GN=FMR1 PE=1 SV=1,0.0011088007131098063,0
"tr|A0A8I5KSF9|A0A8I5KSF9_HUMAN Phosphatidylinositol 3,4,5-trisphosphate 3-phosphatase and dual-specificity protein phosphatase PTEN OS=Homo sapiens OX=9606 GN=PTEN PE=1 SV=2",0.0014086123224122987,0
tr|A0A8I5KT56|A0A8I5KT56_HUMAN Fragile X messenger ribonucleoprotein 1 OS=Homo sapiens OX=9606 GN=FMR1 PE=1 SV=1,0.0010763676957675546,0
tr|A0A8I5KTZ9|A0A8I5KTZ9_HUMAN Fragile X messenger ribonucleoprotein 1 OS=Homo sapiens OX=9606 GN=FMR1 PE=1 SV=1,0.0014251944177289513,0
"tr|A0A8I5KW96|A0A8I5KW96_HUMAN Adenylate kinase 4, mitochondrial OS=Homo sapiens OX=9606 GN=AK4P3 PE=3 SV=1",0.01363665996219124,0
tr|A0A8I5KWK4|A0A8I5KWK4_HUMAN Intraflagellar transport protein 122 homolog OS=Homo sapiens OX=9606 GN=IFT122 PE=1 SV=1,0.6652588018382849,1
tr|A0A8I5KWQ7|A0A8I5KWQ7_HUMAN Krev interaction trapped protein 1 OS=Homo sapiens OX=9606 PE=3 SV=1,0.10475624135999598,0
tr|A0A8I5KYB4|A0A8I5KYB4_HUMAN Dual specificity mitogen-activated protein kinase kinase 1 OS=Homo sapiens OX=9606 GN=MAP2K1 PE=1 SV=1,0.009240753706250111,0
tr|A0A8I5KYB6|A0A8I5KYB6_HUMAN Intraflagellar transport protein 122 homolog OS=Homo sapiens OX=9606 GN=IFT122 PE=1 SV=1,0.6948217295057124,1
tr|A0A8I5KZ21|A0A8I5KZ21_HUMAN Fragile X messenger ribonucleoprotein 1 OS=Homo sapiens OX=9606 GN=FMR1 PE=1 SV=1,0.0011849654623787152,0
tr|A0A8I5KZ76|A0A8I5KZ76_HUMAN Myotubularin OS=Homo sapiens OX=9606 GN=MTM1 PE=1 SV=1,0.041421226210993714,0
tr|A0A8I5KZC4|A0A8I5KZC4_HUMAN SH3 and multiple ankyrin repeat domains protein 3 OS=Homo sapiens OX=9606 GN=SHANK3 PE=1 SV=2,0.005732671842704241,0
tr|A0A8I5QJ96|A0A8I5QJ96_HUMAN Dual specificity mitogen-activated protein kinase kinase 1 OS=Homo sapiens OX=9606 GN=MAP2K1 PE=1 SV=1,0.01256941982559771,0
tr|A0A8I5QJL1|A0A8I5QJL1_HUMAN Myotubularin OS=Homo sapiens OX=9606 GN=MTM1 PE=1 SV=1,0.040090406064240795,0
tr|A0A8I5QJV9|A0A8I5QJV9_HUMAN Myotubularin OS=Homo sapiens OX=9606 GN=MTM1 PE=1 SV=1,0.02484652236194697,0
tr|A0A8Q3SHM6|A0A8Q3SHM6_HUMAN Neuroligin 1 OS=Homo sapiens OX=9606 GN=NLGN1 PE=1 SV=1,0.48205415562462384,0
tr|A0A8S0M502|A0A8S0M502_HUMAN Angiotensin-converting enzyme OS=Homo sapiens OX=9606 GN=ACE2 PE=2 SV=1,0.9980629137656256,1
tr|A0A8V8TL82|A0A8V8TL82_HUMAN Rho-associated protein kinase 2 OS=Homo sapiens OX=9606 GN=ROCK2 PE=1 SV=1,0.024476152190632025,0
tr|A0A8V8TLP7|A0A8V8TLP7_HUMAN CLIP-associating protein 1 OS=Homo sapiens OX=9606 GN=CLASP1 PE=1 SV=1,0.3947278119437949,0
"tr|A0A8V8TMM0|A0A8V8TMM0_HUMAN Phosphatidylinositol 4,5-bisphosphate 3-kinase catalytic subunit delta isoform OS=Homo sapiens OX=9606 GN=PIK3CD PE=1 SV=1",0.1342710344381072,0
tr|A0A8V8TMN5|A0A8V8TMN5_HUMAN UMP-CMP kinase OS=Homo sapiens OX=9606 GN=CMPK1 PE=1 SV=1,0.015267507965133752,0
"tr|A0A8V8TPK6|A0A8V8TPK6_HUMAN Phosphatidylinositol 3,4,5-trisphosphate 3-phosphatase and dual-specificity protein phosphatase PTEN OS=Homo sapiens OX=9606 GN=PTEN PE=1 SV=2",0.0026791826480067928,0
tr|A0A8V8TQ23|A0A8V8TQ23_HUMAN Choline/ethanolaminephosphotransferase 1 OS=Homo sapiens OX=9606 GN=CEPT1 PE=1 SV=1,0.9206382283698085,1
tr|A0A8V8TQK9|A0A8V8TQK9_HUMAN CLIP-associating protein 1 OS=Homo sapiens OX=9606 GN=CLASP1 PE=1 SV=1,0.3737647014659821,0
tr|A0A8V8TQL1|A0A8V8TQL1_HUMAN Choline/ethanolaminephosphotransferase 1 OS=Homo sapiens OX=9606 GN=CEPT1 PE=1 SV=1,0.8576355216156427,1
"tr|A0A8V8TQX2|A0A8V8TQX2_HUMAN Phosphatidylinositol 3,4,5-trisphosphate 3-phosphatase and dual-specificity protein phosphatase PTEN OS=Homo sapiens OX=9606 GN=PTEN PE=1 SV=1",0.002247901125207826,0
tr|A0A8V8TRF3|A0A8V8TRF3_HUMAN Choline/ethanolaminephosphotransferase 1 OS=Homo sapiens OX=9606 GN=CEPT1 PE=1 SV=1,0.972222819187759,1
tr|A0A8V8TRF6|A0A8V8TRF6_HUMAN CLIP-associating protein 1 OS=Homo sapiens OX=9606 GN=CLASP1 PE=1 SV=1,0.37236540684492775,0
tr|A0A8V8TRG9|A0A8V8TRG9_HUMAN Serine/threonine-protein kinase mTOR OS=Homo sapiens OX=9606 GN=MTOR PE=1 SV=1,0.5137201498641146,1
"tr|A0AA34QVZ8|A0AA34QVZ8_HUMAN Phosphatidylinositol 3,4,5-trisphosphate 3-phosphatase and dual-specificity protein phosphatase PTEN OS=Homo sapiens OX=9606 GN=PTEN PE=1 SV=1",0.002434054043838236,0
tr|A0AAG2T947|A0AAG2T947_HUMAN NAD-dependent protein deacetylase sirtuin-2 OS=Homo sapiens OX=9606 GN=SIRT2 PE=1 SV=1,0.17499376586636156,0
tr|A0AAG2UV77|A0AAG2UV77_HUMAN Triacylglycerol lipase OS=Homo sapiens OX=9606 GN=PNLIPRP2 PE=1 SV=1,0.07235320019686654,0
tr|A0AAG2UW24|A0AAG2UW24_HUMAN Histone-lysine N-methyltransferase PRDM9 OS=Homo sapiens OX=9606 GN=PRDM9 PE=1 SV=1,0.0024743888269770594,0
tr|A0AAQ5BGQ0|A0AAQ5BGQ0_HUMAN Spastin OS=Homo sapiens OX=9606 GN=SPAST PE=1 SV=1,0.48330517589133776,0
"tr|A0AAQ5BH13|A0AAQ5BH13_HUMAN Phosphatidylinositol 3,4,5-trisphosphate 3-phosphatase and dual-specificity protein phosphatase PTEN OS=Homo sapiens OX=9606 GN=PTEN PE=1 SV=1",0.0019604227479691518,0
tr|A0AAQ5BI03|A0AAQ5BI03_HUMAN TGF-beta receptor type-2 OS=Homo sapiens OX=9606 GN=TGFBR2 PE=1 SV=1,0.8105317649925596,1
sp|A0AV02|S12A8_HUMAN Solute carrier family 12 member 8 OS=Homo sapiens OX=9606 GN=SLC12A8 PE=1 SV=4,0.9916825022363284,1
sp|A0AV96|RBM47_HUMAN RNA-binding protein 47 OS=Homo sapiens OX=9606 GN=RBM47 PE=1 SV=2,0.07675293389855838,0
sp|A0AVF1|IFT56_HUMAN Intraflagellar transport protein 56 OS=Homo sapiens OX=9606 GN=IFT56 PE=1 SV=1,0.018572391004400883,0
sp|A0AVI4|TM129_HUMAN E3 ubiquitin-protein ligase TM129 OS=Homo sapiens OX=9606 GN=TMEM129 PE=1 SV=1,0.9621480506817103,1
sp|A0AVK6|E2F8_HUMAN Transcription factor E2F8 OS=Homo sapiens OX=9606 GN=E2F8 PE=1 SV=1,0.11459595579551045,0
sp|A0AVT1|UBA6_HUMAN Ubiquitin-like modifier-activating enzyme 6 OS=Homo sapiens OX=9606 GN=UBA6 PE=1 SV=1,0.15099206503709478,0
sp|A0FGR8|ESYT2_HUMAN Extended synaptotagmin-2 OS=Homo sapiens OX=9606 GN=ESYT2 PE=1 SV=1,0.4525402474832983,0
sp|A0FGR9|ESYT3_HUMAN Extended synaptotagmin-3 OS=Homo sapiens OX=9606 GN=ESYT3 PE=1 SV=1,0.23108072900669352,0
sp|A0JLT2|MED19_HUMAN Mediator of RNA polymerase II transcription subunit 19 OS=Homo sapiens OX=9606 GN=MED19 PE=1 SV=2,0.0006920675124896927,0
sp|A0JNW5|BLT3B_HUMAN Bridge-like lipid transfer protein family member 3B OS=Homo sapiens OX=9606 GN=BLTP3B PE=1 SV=2,0.2301392196954286,0
sp|A0JP26|POTB3_HUMAN POTE ankyrin domain family member B3 OS=Homo sapiens OX=9606 GN=POTEB3 PE=1 SV=2,0.09480418566452589,0
sp|A0M8Q6|IGLC7_HUMAN Immunoglobulin lambda constant 7 OS=Homo sapiens OX=9606 GN=IGLC7 PE=1 SV=3,0.03911063561886976,0
sp|A0MZ66|SHOT1_HUMAN Shootin-1 OS=Homo sapiens OX=9606 GN=SHTN1 PE=1 SV=4,0.0010968499115551374,0
tr|A0MZF5|A0MZF5_HUMAN 5'-AMP-activated protein kinase catalytic subunit alpha-2 OS=Homo sapiens OX=9606 GN=PRKAA2 PE=2 SV=1,0.17020956968774822,0
tr|A0N0X8|A0N0X8_HUMAN Cytochrome P450 1A OS=Homo sapiens OX=9606 GN=CYP1A1 PE=2 SV=1,0.9612981703845256,1
sp|A0PJK1|SC5AA_HUMAN Sodium/mannose cotransporter SLC5A10 OS=Homo sapiens OX=9606 GN=SLC5A10 PE=1 SV=2,0.9845444102541427,1
sp|A0PJY2|FEZF1_HUMAN Fez family zinc finger protein 1 OS=Homo sapiens OX=9606 GN=FEZF1 PE=1 SV=1,0.006082201557379889,0
sp|A0PK00|T120B_HUMAN Transmembrane protein 120B OS=Homo sapiens OX=9606 GN=TMEM120B PE=1 SV=1,0.9256424496960939,1
sp|A0PK05|TMM72_HUMAN Transmembrane protein 72 OS=Homo sapiens OX=9606 GN=TMEM72 PE=1 SV=1,0.7986541033529302,1
sp|A0PK11|CLRN2_HUMAN Clarin-2 OS=Homo sapiens OX=9606 GN=CLRN2 PE=1 SV=1,0.994852532230873,1
sp|A1A4S6|RHG10_HUMAN Rho GTPase-activating protein 10 OS=Homo sapiens OX=9606 GN=ARHGAP10 PE=1 SV=1,0.04579780215521115,0
sp|A1A4Y4|IRGM_HUMAN Immunity-related GTPase family M protein OS=Homo sapiens OX=9606 GN=IRGM PE=1 SV=2,0.005012329862074599,0
sp|A1A519|F170A_HUMAN Protein FAM170A OS=Homo sapiens OX=9606 GN=FAM170A PE=1 SV=1,0.0005258451658038267,0
sp|A1A5B4|ANO9_HUMAN Anoctamin-9 OS=Homo sapiens OX=9606 GN=ANO9 PE=1 SV=3,0.9934622341534217,1
sp|A1A5C7|S22AN_HUMAN Solute carrier family 22 member 23 OS=Homo sapiens OX=9606 GN=SLC22A23 PE=1 SV=2,0.993493521569031,1
sp|A1E959|ODAM_HUMAN Odontogenic ameloblast-associated protein OS=Homo sapiens OX=9606 GN=ODAM PE=1 SV=1,0.22939673818743286,0
sp|A1KXE4|F168B_HUMAN Myelin-associated neurite-outgrowth inhibitor OS=Homo sapiens OX=9606 GN=FAM168B PE=1 SV=1,0.004830590446347433,0
sp|A1KZ92|PXDNL_HUMAN Probable oxidoreductase PXDNL OS=Homo sapiens OX=9606 GN=PXDNL PE=1 SV=3,0.14809564291766622,0
sp|A1L0T0|HACL2_HUMAN 2-hydroxyacyl-CoA lyase 2 OS=Homo sapiens OX=9606 GN=HACL2 PE=1 SV=2,0.7143684008213695,1
sp|A1L167|U2QL1_HUMAN Ubiquitin-conjugating enzyme E2Q-like protein 1 OS=Homo sapiens OX=9606 GN=UBE2QL1 PE=1 SV=2,0.01480085876468921,0
sp|A1L190|SYCE3_HUMAN Synaptonemal complex central element protein 3 OS=Homo sapiens OX=9606 GN=SYCE3 PE=1 SV=1,0.0010131575314580334,0
sp|A1L390|PKHG3_HUMAN Pleckstrin homology domain-containing family G member 3 OS=Homo sapiens OX=9606 GN=PLEKHG3 PE=1 SV=1,0.0028411189956700253,0
sp|A1L3X0|ELOV7_HUMAN Very long chain fatty acid elongase 7 OS=Homo sapiens OX=9606 GN=ELOVL7 PE=1 SV=1,0.9584725138182079,1
sp|A1L4H1|SRCRL_HUMAN Soluble scavenger receptor cysteine-rich domain-containing protein SSC5D OS=Homo sapiens OX=9606 GN=SSC5D PE=1 SV=3,0.8103195627127022,1
sp|A1L4K1|FSD2_HUMAN Fibronectin type III and SPRY domain-containing protein 2 OS=Homo sapiens OX=9606 GN=FSD2 PE=1 SV=1,0.0034625353810666297,0
tr|A1L4Q0|A1L4Q0_HUMAN Diacylglycerol kinase OS=Homo sapiens OX=9606 GN=DGKE PE=2 SV=1,0.8189739873657187,1
sp|A1X283|SPD2B_HUMAN SH3 and PX domain-containing protein 2B OS=Homo sapiens OX=9606 GN=SH3PXD2B PE=1 SV=3,0.004469941963585305,0
sp|A1XBS5|CBAR1_HUMAN CBY1-interacting BAR domain-containing protein 1 OS=Homo sapiens OX=9606 GN=CIBAR1 PE=1 SV=2,0.011998410464265249,0
sp|A1Z1Q3|MACD2_HUMAN ADP-ribose glycohydrolase MACROD2 OS=Homo sapiens OX=9606 GN=MACROD2 PE=1 SV=2,0.0033587759512813216,0
sp|A2A288|ZC12D_HUMAN Probable ribonuclease ZC3H12D OS=Homo sapiens OX=9606 GN=ZC3H12D PE=1 SV=3,0.013578161269438704,0
sp|A2A2Y4|FRMD3_HUMAN FERM domain-containing protein 3 OS=Homo sapiens OX=9606 GN=FRMD3 PE=1 SV=1,0.9904431414241766,1
tr|A2BDD9|A2BDD9_HUMAN AMOT protein OS=Homo sapiens OX=9606 GN=AMOT PE=1 SV=1,0.23058318884986564,0
tr|A2BDE7|A2BDE7_HUMAN PHLDA1 protein (Fragment) OS=Homo sapiens OX=9606 GN=PHLDA1 PE=1 SV=1,0.005588702407317824,0
tr|A2I2P0|A2I2P0_HUMAN Cryptochrome-1 OS=Homo sapiens OX=9606 GN=CRY1 PE=2 SV=1,0.007042916723007679,0
sp|A2IDD5|CCD78_HUMAN Coiled-coil domain-containing protein 78 OS=Homo sapiens OX=9606 GN=CCDC78 PE=1 SV=1,0.008219666674218947,0
sp|A2PYH4|HFM1_HUMAN Probable ATP-dependent DNA helicase HFM1 OS=Homo sapiens OX=9606 GN=HFM1 PE=1 SV=2,0.12045481827195893,0
tr|A2RRN7|A2RRN7_HUMAN CADPS protein OS=Homo sapiens OX=9606 GN=CADPS PE=1 SV=1,0.36012980709263664,0
sp|A2RRP1|NBAS_HUMAN NBAS subunit of NRZ tethering complex OS=Homo sapiens OX=9606 GN=NBAS PE=1 SV=2,0.2763408720752767,0
"sp|A2RTX5|SYTC2_HUMAN Threonine--tRNA ligase 2, cytoplasmic OS=Homo sapiens OX=9606 GN=TARS3 PE=1 SV=1",0.019134128271026174,0
sp|A2RU14|TM218_HUMAN Transmembrane protein 218 OS=Homo sapiens OX=9606 GN=TMEM218 PE=1 SV=1,0.9992406895636068,1
sp|A2RU30|TESP1_HUMAN Protein TESPA1 OS=Homo sapiens OX=9606 GN=TESPA1 PE=1 SV=2,0.02965773908957988,0
sp|A2RU49|HYKK_HUMAN Hydroxylysine kinase OS=Homo sapiens OX=9606 GN=HYKK PE=1 SV=2,0.0960879589049298,0
sp|A2RUB1|MEIOC_HUMAN Meiosis-specific coiled-coil domain-containing protein MEIOC OS=Homo sapiens OX=9606 GN=MEIOC PE=1 SV=3,0.010366915516008048,0
sp|A2RUB6|CCD66_HUMAN Coiled-coil domain-containing protein 66 OS=Homo sapiens OX=9606 GN=CCDC66 PE=1 SV=4,0.00041284808748788814,0
sp|A2RUC4|TYW5_HUMAN tRNA wybutosine-synthesizing protein 5 OS=Homo sapiens OX=9606 GN=TYW5 PE=1 SV=1,0.018072127937883056,0
sp|A2RUH7|MBPHL_HUMAN Myosin-binding protein H-like OS=Homo sapiens OX=9606 GN=MYBPHL PE=1 SV=2,0.14115697307685623,0
sp|A2VDJ0|T131L_HUMAN Transmembrane protein 131-like OS=Homo sapiens OX=9606 GN=TMEM131L PE=1 SV=2,0.9510086411787325,1
sp|A2VEC9|SSPO_HUMAN SCO-spondin OS=Homo sapiens OX=9606 GN=SSPOP PE=2 SV=2,0.19376824282942687,0
tr|A3KFJ0|A3KFJ0_HUMAN non-specific serine/threonine protein kinase OS=Homo sapiens OX=9606 GN=AURKA PE=1 SV=1,0.022064298662868204,0
sp|A3KMH1|VWA8_HUMAN von Willebrand factor A domain-containing protein 8 OS=Homo sapiens OX=9606 GN=VWA8 PE=1 SV=2,0.03107364947196488,0
sp|A3KN83|SBNO1_HUMAN Protein strawberry notch homolog 1 OS=Homo sapiens OX=9606 GN=SBNO1 PE=1 SV=1,0.29656274259717674,0
tr|A3QNQ0|A3QNQ0_HUMAN TGF-beta receptor type-2 OS=Homo sapiens OX=9606 GN=TGFBR2 PE=2 SV=1,0.8458498258571518,1
sp|A4D0S4|LAMB4_HUMAN Laminin subunit beta-4 OS=Homo sapiens OX=9606 GN=LAMB4 PE=1 SV=1,0.004587619225073647,0
tr|A4D0Y8|A4D0Y8_HUMAN Leptin OS=Homo sapiens OX=9606 GN=LEP PE=3 SV=1,0.07507865614211309,0
sp|A4D126|ISPD_HUMAN D-ribitol-5-phosphate cytidylyltransferase OS=Homo sapiens OX=9606 GN=CRPPA PE=1 SV=2,0.6339365880154476,1
sp|A4D161|F221A_HUMAN Protein FAM221A OS=Homo sapiens OX=9606 GN=FAM221A PE=1 SV=1,0.002202889502925872,0
tr|A4D1B1|A4D1B1_HUMAN Platelet glycoprotein 4 OS=Homo sapiens OX=9606 GN=CD36 PE=2 SV=1,0.9459362506240594,1
sp|A4D1B5|GSAP_HUMAN Gamma-secretase-activating protein OS=Homo sapiens OX=9606 GN=GSAP PE=1 SV=2,0.061991981165720966,0
"tr|A4D1D2|A4D1D2_HUMAN ATP-binding cassette, sub-family B (MDR/TAP), member 1 OS=Homo sapiens OX=9606 GN=ABCB1 PE=2 SV=1",0.9938940309182684,1
sp|A4D1E9|GTPBA_HUMAN GTP-binding protein 10 OS=Homo sapiens OX=9606 GN=GTPBP10 PE=1 SV=1,0.05387637014412295,0
sp|A4D1P6|WDR91_HUMAN WD repeat-containing protein 91 OS=Homo sapiens OX=9606 GN=WDR91 PE=1 SV=2,0.3957587673472532,0
sp|A4D1S5|RAB19_HUMAN Ras-related protein Rab-19 OS=Homo sapiens OX=9606 GN=RAB19 PE=1 SV=2,0.031062274738604075,0
sp|A4D1T9|PRS37_HUMAN Probable inactive serine protease 37 OS=Homo sapiens OX=9606 GN=PRSS37 PE=1 SV=1,0.10929015758391647,0
"tr|A4D1U5|A4D1U5_HUMAN Acylglycerol kinase, mitochondrial OS=Homo sapiens OX=9606 GN=FLJ10842 PE=3 SV=1",0.05986165191378569,0
tr|A4D1W7|A4D1W7_HUMAN Inhibin beta A chain OS=Homo sapiens OX=9606 GN=INHBA PE=2 SV=1,0.14638446879478947,0
sp|A4D256|CC14C_HUMAN Dual specificity protein phosphatase CDC14C OS=Homo sapiens OX=9606 GN=CDC14C PE=1 SV=3,0.761014973519779,1
sp|A4D2B0|MBLC1_HUMAN Metallo-beta-lactamase domain-containing protein 1 OS=Homo sapiens OX=9606 GN=MBLAC1 PE=1 SV=1,0.22391983954943015,0
sp|A4D2B8|PM2P1_HUMAN Putative postmeiotic segregation increased 2-like protein 1 OS=Homo sapiens OX=9606 GN=PMS2P1 PE=5 SV=1,0.025203688523931247,0
tr|A4D2P1|A4D2P1_HUMAN small monomeric GTPase OS=Homo sapiens OX=9606 GN=RAC1 PE=2 SV=1,0.10959027546675132,0
tr|A4F3V8|A4F3V8_HUMAN Cytochrome P450 1A (Fragment) OS=Homo sapiens OX=9606 GN=CYP1A1 PE=1 SV=1,0.04479199578840885,0
tr|A4F4K3|A4F4K3_HUMAN Cytochrome P450 1A OS=Homo sapiens OX=9606 GN=CYP1A1 PE=2 SV=1,0.9644245962988423,1
tr|A4F4K4|A4F4K4_HUMAN Cytochrome P450 1A OS=Homo sapiens OX=9606 GN=CYP1A1 PE=2 SV=1,0.20110674544306112,0
tr|A4FUJ8|A4FUJ8_HUMAN MKL1 protein OS=Homo sapiens OX=9606 GN=MKL1 PE=1 SV=1,0.16146924618811484,0
sp|A4GXA9|EME2_HUMAN Structure-specific endonuclease subunit EME2 OS=Homo sapiens OX=9606 GN=EME2 PE=1 SV=3,0.6216864546908352,1
tr|A4LAA3|A4LAA3_HUMAN Transcriptional regulator ATRX OS=Homo sapiens OX=9606 GN=ATRX PE=3 SV=1,0.028793284496718412,0
tr|A4QPA9|A4QPA9_HUMAN Dual specificity mitogen-activated protein kinase kinase 1 OS=Homo sapiens OX=9606 GN=MAP2K1 PE=2 SV=1,0.010751173630719493,0
sp|A4UGR9|XIRP2_HUMAN Xin actin-binding repeat-containing protein 2 OS=Homo sapiens OX=9606 GN=XIRP2 PE=1 SV=2,0.0035800961090798737,0
sp|A5A3E0|POTEF_HUMAN POTE ankyrin domain family member F OS=Homo sapiens OX=9606 GN=POTEF PE=1 SV=2,0.26847700756514026,0
sp|A5D8T8|CL18A_HUMAN C-type lectin domain family 18 member A OS=Homo sapiens OX=9606 GN=CLEC18A PE=1 SV=3,0.259278209609328,0
sp|A5D8V6|VP37C_HUMAN Vacuolar protein sorting-associated protein 37C OS=Homo sapiens OX=9606 GN=VPS37C PE=1 SV=2,0.00016664197922845262,0
sp|A5D8V7|ODAD3_HUMAN Outer dynein arm-docking complex subunit 3 OS=Homo sapiens OX=9606 GN=ODAD3 PE=1 SV=1,0.001027385676864274,0
sp|A5D8W1|CFA69_HUMAN Cilia- and flagella-associated protein 69 OS=Homo sapiens OX=9606 GN=CFAP69 PE=1 SV=3,0.4335848883109317,0
sp|A5LHX3|PSB11_HUMAN Proteasome subunit beta type-11 OS=Homo sapiens OX=9606 GN=PSMB11 PE=1 SV=1,0.012009033473865848,0
tr|A5PKU2|A5PKU2_HUMAN TUSC5 protein OS=Homo sapiens OX=9606 GN=TUSC5 PE=1 SV=1,0.9909234416533791,1
sp|A5PKW4|PSD1_HUMAN PH and SEC7 domain-containing protein 1 OS=Homo sapiens OX=9606 GN=PSD PE=1 SV=2,0.036685877443388096,0
sp|A5PLL7|PEDS1_HUMAN Plasmanylethanolamine desaturase 1 OS=Homo sapiens OX=9606 GN=PEDS1 PE=1 SV=3,0.9623835913813708,1
sp|A5X5Y0|5HT3E_HUMAN 5-hydroxytryptamine receptor 3E OS=Homo sapiens OX=9606 GN=HTR3E PE=1 SV=1,0.8449262025722416,1
sp|A5YKK6|CNOT1_HUMAN CCR4-NOT transcription complex subunit 1 OS=Homo sapiens OX=9606 GN=CNOT1 PE=1 SV=2,0.46592943896468986,0
sp|A5YM72|CRNS1_HUMAN Carnosine synthase 1 OS=Homo sapiens OX=9606 GN=CARNS1 PE=1 SV=3,0.2714881966899494,0
sp|A6BM72|MEG11_HUMAN Multiple epidermal growth factor-like domains protein 11 OS=Homo sapiens OX=9606 GN=MEGF11 PE=1 SV=3,0.925053852985717,1
tr|A6H8L5|A6H8L5_HUMAN Hepatic triacylglycerol lipase OS=Homo sapiens OX=9606 GN=LIPC PE=2 SV=1,0.9343945787508063,1
